code;name;dimension;disc price;price;
PND1729;"LİZ SARKIT/PENDANT
";60 CM ;8100;11340;2.700,00 TL;
PND1729-B;"LİZ SARKIT/PENDANT
";80 CM ;13500;18900;4.500,00 TL;
PND1699-A;SHADOW SARKIT /PENDANT;16X48 CM ;5700;7980;1.900,00 TL;3 ADET 
PND1699-B;SHADOW SARKIT /PENDANT;18X48 CM ;6450;9030;2.150,00 TL;3 ADET 
PND1699-C;SHADOW SARKIT /PENDANT;18X70 CM ;6750;9450;2.250,00 TL;3 ADET 
PND1717;FLOS CAM SARKIT ;;12450;17430;4.150,00 TL;
PND1717;FLOS LAMBADER ;28*128 CM ;34050;47670;11.350,00 TL;
PND1692;DEW SARKIT/PENDANT;300x5 cm;11250;15750;4.500,00 TL;
PND1692;DEW SARKIT/PENDANT;300x3005 cm;22500;31500;9.000,00 TL;
PND1698;GALAKSY SARKIT/PENDANT;200x10 cm;16500;23100;8.500,00 TL;
PND1698;GALAKSY SARKIT/PENDANT;60X19X4 CM ;12500;17500;6.000,00 TL;
PND1698;GALAKSY 1 L SARKIT/PENDANT;"45 CM 
2 TOP 10 CM 
1 TOP 15 CM";4000;5600;2.000,00 TL;
PND1706;CLOUD SARKIT / PENDANT;"Q:45 cm
Led 3 Renk";6000;8400;3.000,00 TL;
PND1693;RANDOM SARKIT/PENDANT;28 Q;3750;5250;1.250,00 TL;
PND1693-F;RANDOM LAMBADER/FLOOR LAMP;165X40 CM;19500;27300;;
PND1694;87 SARKIT/PENDANT;"H:80
Q:30 ";7500;10500;2.500,00 TL;TOPLAM 10 ADET STOK 
PND1694;87 SARKIT/PENDANT;"H:80
Q:30  X3";22500;31500;7.500,00 TL;
PND1695;ORIJIN DERİ SARKIT/PENDANT;"H:115 CM 
Q: 15 CM ";4500;6300;1.500,00 TL;"KAHVE KEMER 	10
SİYAH KEMER 	20
BEYAZ KEMER 	5"
PND1696;OCHRE SARKIT/PENDANT;20 Q;4500;6300;1.500,00 TL;20 ADET STOK 
PND1697;MİRA AVİZE/CHANDELIER;80X50 CM  ;18000;25200;;
PND1697;MİRA AVİZE/CHANDELIER;60 Q;16250;22750;6.500,00 TL;
PND1697;MİRA AVİZE/CHANDELIER;80 Q;35000;49000;17.500,00 TL;
PND1697;MİRA AVİZE/CHANDELIER;100 CM;24000;33600;9.300,00 TL;
PND1698;MİRA LİNER FORM AVİZE/CHANDELIER;150 CM ;30400;42560;15.200,00 TL;
PND1247;VIBIA COSMOC SARKIT/PENDANT;60X 120 CM ;13500;18900;4.750,00 TL;
PND1247;VIBIA COSMOC SARKIT/PENDANT;16 Q;3200;4480;690,00 TL;
PND1247;VIBIA COSMOC SARKIT/PENDANT;22 Q;3900;5460;825,00 TL;
PND1746;KOSMİ APLİK ;40 Q;3250;4550;;
PND1747;PARED APLİK ;30X50X10 CM ;2800;3920;;
PND1748;"LAMPARA APLİK 
";35X35X11 CM ;3300;4620;;
PND1749;MODO APLİK;18X80 CM;1200;1680;;
PND1750;SİDE APLİK;35X35X30;2700;3780;;
PND1751;NEGLO APLİK;25X20 30 CM ;1800;2520;;
PND1752-1;FUT APLİK;50X15X18 CM ;1400;1960;;
PND1752-2;FUT APLİK;25X15X25  CM;1400;1960;;
PND1753;MERCUR APLİK ;40X15X28 CM ;3300;4620;;
PND1271;MESHMATIC SARKIT/PENDANT;40 Q;9000;12600;3.000,00 TL;
PND1272;MESHMATIC SARKIT/PENDANT;60 Q;15300;21420;5.100,00 TL;
PND1273;MESHMATIC SARKIT/PENDANT;90 Q;36750;51450;12.250,00 TL;
PND1647;SPOKES SARKIT/PENDANT;38X38 CM ;6300;9000;2.100,00 TL;
PND1647;SPOKES SARKIT/PENDANT;32X72 CM ;6600;9500;2.200,00 TL;
PND1647;SPOKES SARKIT/PENDANT;52 X 52 CM;7200;12000;2.400,00 TL;eskitme 6 adet stok 
PND1647;SPOKES SARKIT/PENDANT;70X73 CM;9600;15000;3.200,00 TL;
"
PND1737-A";"RENOVA SARKIT 
";D:18  CM ;2625;3675;1.050,00 TL;
PND1737-B;"RENOVA SARKIT 
";20 Q;2625;3675;1.050,00 TL;
"
PND1737-C
";"RENOVA SARKIT 
";30 Q ;3500;4900;1.400,00 TL;
"
PND1737-D
";"RENOVA SARKIT 
";30 Q ;2625;3675;1.050,00 TL;
PND173O-A;BUĞU SARKIT /PENDANT;D:32,5X42 CM ;4800;6720;2.400,00 TL;
PND1730-B;BUĞU SARKIT /PENDANT;D:325 X 55 CM ;4800;6720;2.400,00 TL;
PND1730-C;BUĞU SARKIT /PENDANT;D:32,5X60 CM ;5000;7000;2.500,00 TL;
PND1738-A;DEK ABAJUR ;M 33 CM;6250;8750;2.500,00 TL;
PND1738-B;DEK ABAJUR ;33 CM;6250;8750;2.500,00 TL;
PND1739;OKTAVYA ABAJUR;26X40 CM ;0;0;;
PND1328;COFFEI SARKIT ;33 CM ;4125;5775;1.650,00 TL;
PND1328;COFFEI SARKIT ;33 CM ;4125;5775;1.650,00 TL;
PND1328;COFFEI ABAJUR ;23 CM ;4250;5950;1.700,00 TL;
PND1328;COFFEI LAMBADER;33X145 CM ;8625;12075;3.450,00 TL;
PND1743;ŞAPKA LAMBADER;140X40X40 CM ;9500;13300;;
PND1744;ŞAPKA KONİ LAMBADER;140X40X40 CM ;8500;11900;;
PND1745;MODO LAMBADER 2L ;155X18X40 CM ;8750;12250;;
PND1731;SPOT LAMBADER /FLOOR LAMP ;160X40 CM ;8400;11760;4.200,00 TL;2 ADET 
PND1742;SEHPA LAMBADER ;133 X 40 CM ;12500;17500;;
PND1742;SEHPA LAMBADER 2;155X30X35 CM ;12500;17500;;
PND1741;CHIL SARKIT ;28 CM ;4500;6300;2.250,00 TL;
PND1740-A;GRAND SARKIT;23 X 13 CM;2700;3780;1.350,00 TL;
PND1740-B;GRAND SARKIT;16 X 17 CM;3000;4200;1.500,00 TL;
PND1740-C;GRAND SARKIT;28 X 10 CM ;3600;5040;1.800,00 TL;2ADET 
PND1732;SPOT LAMBADER 2 /FLOOR LAMP ;160X32 CM ;5200;7280;2.600,00 TL;2 ADET 
"
PND1393-W   ";OBLUX APLİK/ WALL;"
Q :30 
H: 59 Cm 
ALT :8,5 
ORTA: 9 CM ";5800;8120;;
PND1648;VERONA SARKIT/PENDANT;20x20 CM ;5500;7500;1.820,00 TL;
PND1648;VERONA APLİK/WALL;20 Q;5500;6000;1.800,00 TL;
PND1648;VERONA 2L SARKIT/PENDANT;20 X35 CM ;8500;10000;2.400,00 TL;
PND1649;ONYX SARKIT/PENDANT;30 Q;3900;5460;1.900,00 TL;
PND1649;ONYX SARKIT/PENDANT;25 Q;3800;5320;1.500,00 TL;
PND1649;ONYX SARKIT/PENDANT;30 Q;4200;5880;1.900,00 TL;
PND1649;ONYX SARKIT/PENDANT;"ROZANS 30 Q
MERMER
2 ADET 25 Q
1 ADET 30 Q";13800;19320;5.400,00 TL;
PND1649;ONYX SARKIT/PENDANT;"ROZANS 40 Q
MERMER
4 ADET 25 Q
3 ADET 30 Q";39500;55300;11.700,00 TL;
PND1702;FOX MARBLE  SARKIT/PENDANT;"ROZANS 60 Q
MERMER
9L 
 H 160cm";39000;46800;19.500,00 TL;
PND1703;"ROT MARBLE
SARKIT/PENDANT";"ROZANS 90X37 CM 
MERMER
7L 
 H 160cm";33000;39600;16.500,00 TL;
PND1704;"TOR MARBLE
SARKIT/PENDANT";"ROZANS 80X30 
MERMER
7L 
 H 160cm
Mermer çap 8 cm ";38000;45600;19.000,00 TL;
PND1650;LOPI APLİK/WALL;64X14X18;6750;9450;2.250,00 TL;
PND1651;JENGA APLİK/WALL;YÜKSEKLİK : 50 cm ;2700;3780;900,00 TL;
PND1652;NOSA APLİK /WALL;YÜKSEKLİK : 75 CM ;5700;7980;1.900,00 TL;
PND1653;CIRQUE SARKIT/PENDANT;25x75 cm;5760;8064;1.920,00 TL;
PND1654;EDİE APLİK/WALL;Yükseklik: 14 cm Genişlik: 6 cm  ;2800;3920;1.900,00 TL;
PND1655;MERİDIAN SARKIT/PENDANT;20 Q;7100;9940;;
PND1655;MERİDIAN APLİK/WALL;12 CM;6000;8400;;
PND1656;BRACE APLİK/WALL;45X15 CM;5500;7700;2.500,00 TL;
PND1656;BRACE APLİK/WALL;28X6 CM ;6900;9660;;
PND1657;BERAN APLİK/WALL;33 Q;7500;10500;;
PND1338/1;GEMPA SARKIT/PENDANT;30 CM ;3800;5320;645,00 TL;
PND1338/2;GEMPA SARKIT/PENDANT;60 CM ;6500;9100;1.290,00 TL;
PND1338/3;GEMPA SARKIT/PENDANT;90 CM ;9000;12600;1.935,00 TL;
PND1338/4;GEMPA SARKIT LİNER FORM/PENDANT;140 CM ;11500;16100;2.150,00 TL;
PND1254;PAU SARKIT /PENDANT;25 Q;1875;2625;;
PND1254/W;PAU APLİK/WALL;"ROZANS : 17 CM
YÜKSEKLİK : 35 CM

 ";1275;1785;;
PND1310/W;GALERİA APLİK/WALL;"13 x 14  
YÜKSEKLİK 62 cm";5500;7700;16 adet ;
PND1658;PİN APLİK / WALL;"30 Q
";3000;4200;1.500,00 TL;
PND1659;GREGG SARKIT;15 Q;1000;1400;165,00 TL;
PND1659;GREGG SARKIT;23 Q;1700;2380;290,00 TL;
PND1659;GREGG SARKIT;32 Q;2200;3000;450,00 TL;
PND1659;GREGG SARKIT;"

47 cm ";3300;4620;895,00 TL;
PND1344/A;BRASS SARKIT ;16X31 CM;3000;2800;685,00 TL;
PND1344/B;BRASS SARKIT ;23X28 CM;3250;3900;945,00 TL;
PND1344/C;BRASS SARKIT ;40X13 CM;3750;4100;990,00 TL;
PND1688;MAFSALLI SPOT ;;1650;2475;850,00 TL;
PND1689;KATERİNA APLİK;34x11 cm ;4000;6000;2.000,00 TL;
PND1690;TRİPOT MASA LAMBASI;"Çap 30
H:50 cm
";5500;8250;2.750,00 TL;
PND1336;LOFT SARKIT KÜÇÜK/PENDANT;"ÖLÇÜLER 
 20 Q";4000;6000;2.000,00 TL;
PND1336;LOFT SARKIT BÜYÜK/PENDANT;"ÖLÇÜLER 
 30 Q";4500;6750;2.250,00 TL;
PND1661;PARİS SARKIT/PENDANT;"ÖLÇÜLER 
 ";3500;4900;1.750,00 TL;
PND1314;"CIRCLE RING 9 L 
SARKIT/PENDANT";"ÖLÇÜLER 
30 Q
40 Q
50 Q
60 Q
80  Q";22500;27500;;
PND1314;"CIRCLE  RING 6 L 
SARKIT/PENDANT";"ÖLÇÜLER 
30 Q
40 Q
60 Q
80  Q";18500;25000;;
PND131-B ;"CIRCLE  RING 5 L 
SARKIT/PENDANT";120 CM;13500;18900;;
PND1443-W  ;CLIPS APLİK/WALL;135X88 CM ;8640;12096;;
PND1222;MEX SARKIT;"

Ölçüler
 15 cm     
120 cm   
Kelvin
3000";3500;4900;1.750,00 TL;
PND1222;MEX 3 L SARKIT;"Ölçüler
 40 cm     
120 cm   ";11500;16100;5.750,00 TL;
PND1222;MEX APLİK/WALL;"ÖLÇÜLER
18 CM 
48 CM ";2800;2650;1.250,00 TL;
PND1662;VİP SARKIT 1L /PENDANT;82X3,5;1200;1680;475,00 TL;
PND1662;"VİP SARKIT 3L 
/PENDANT";20 Q;2900;4060;1.425,00 TL;
PND1662;VİP SARKIT 9 L /PENDANT;35 Q;9800;13720;4.275,00 TL;
PND1223;SEZAR SARKIT/PENDANT;70 Q;11000;15400;5.500,00 TL;
PND1223;SEZAR SARKIT/PENDANT;90 Q;13000;18200;6.500,00 TL;
PND1223-A;SEZAR SARKIT/PENDANT;120X30 ;11000;15400;5.500,00 TL;
PND1223-A;"SEZAR 
SARKIT/PENDANT";"W:15
 L:61 
H:12";3250;4550;1.900,00 TL;
PND1223-W;"SEZAR 
APLİK/WALL";"W:15
 L:61 
H:12";3400;4760;1.750,00 TL;
PND1663;LEATA SARKIT/PENDANT;Q:20 CM;2000;2800;1.000,00 TL;1.394,00 TL
PND1663;LEATA SARKIT/PENDANT;Q:25 CM;2400;3360;1.200,00 TL;
PND1663;LEATA SARKIT/PENDANT;Q:30 CM;2800;3920;1.400,00 TL;
PND1663;"LEATA 
ABAJUR/TABLE LAMP";"ÖLÇÜLER
25 Q";2900;4060;750,00 TL;1.161,00 TL
PND1663;LEATA APLİK/ WALL;15 Q;1850;2590;;
PND1216;"PERA  1L 
SARKIT /PENDANT";"Ölçüler
60 cm     120 cm";4000;5600;2.000,00 TL;z
PND1216;"PERA  1L 
SARKIT /PENDANT";"Ölçüler
60 cm     120 cm   ";4000;5600;2.000,00 TL;
PND1216-2L;"PERA  2L 
SARKIT /PENDANT";"Ölçüler
 70 cm     120 cm   ";9500;13300;5.500,00 TL;
PND1216-3L;"PERA
 SARKIT  3 L";"
Ölçüler
 77 cm     120 cm    ";15500;21700;2.000,00 TL;
PND1216-6L;PERA SARKIT  6 L;"
Ölçüler
 105 cm     180 cm   ";29500;41300;;
PND1260-W;PERCH APLİK/WALL LAMP;20 X 50 CM ;4900;6860;600,00 TL;
PND1260-A;PERCH TEKLİ SARKIT/PENDANT;22X135 CM ;6500;9100;915,00 TL;
PND1260-C;PERCH 3 L SARKIT/PENDANT ;60X135 CM ;11000;15400;1.970,00 TL;
PND1260-D;PERCH 5 L SARKIT/PENDANT ;90X135 CM ;17500;24500;3.020,00 TL;
PND1687;ITALO APLİK/ WALL;50 Q;4600;6440;;
PND1687;ITALO AVİZE/ CHANDELIER;40X25 CM ;12300;17220;4.100,00 TL;
PND1687;ITALO AVİZE/ CHANDELIER;80X33 CM ;34170;47838;11.390,00 TL;
PND1687;ITALO AVİZE/ CHANDELIER;100X48 CM ;52500;73500;17.500,00 TL;
PND1413;PALMİYE AVİZE ;90X60 cm;52500;73500;25.000,00 TL;
PND1413-2;PALMİYE 2 KATLI  AVİZE;80X90 CM ;90000;125000;45.000,00 TL;
PND1413-W;PALMİYE APLIK/WALL;"Q 50
H 20 
derinlik 35";28500;39900;15.000,00 TL;
PND1419   ;ALLURE AVİZE/CHANDELIER;220X70X20 CM;39500;55300;;
PND1406;FLORAL AVİZE/CHANDELIER;75X25 CM;9500;13300;;
PND1406;FLORAL AVİZE/CHANDELIER;60 Q;19500;27300;;
PND1406;FLORAL AVİZE/CHANDELIER;65 X 80 CM ;27500;38500;;
PND1408;DROPS AVİZE/CHANDELIER;100X80 CM;18500;25900;;
PND1418;BIRD AVİZE/CHANDELIER;100X40 CM ;17500;24500;;
PND1619;GILT AVİZE/CHANDELIER;80X90 CM ;7500;10500;;
PND1424 ;TULIP SARKIT/PENDANT;50X130 CM;27500;38500;;
PND1346-W;CRACK APLİK/WALL;40X25 CM;3800;5320;;
PND1346  ;CRACK SARKIT/PENDANT;50X25 CM;11000;15400;;
PND1705-W;MARINAL APLİK/ WALL;24 X 40 X10 ;4650;6520;15.000,00 TL;
PND1701;YENILAY AVİZE/CHANDELIER;Q:65 CM H:100 CM ;23963;33548;7.987,50 TL;
PND1701;YENILAY AVİZE/CHANDELIER;L:100CM W:35CM H:100CM;16200;22680;5.400,00 TL;
PND1705 ;MARIYAL YUVARLAK FORM AVİZE/CHANDELIER;"Q: 80
";17800;25000;15.000,00 TL;
PND1705 ;MARIYAL LİNER FORM AVİZE/CHANDELIER;"95 X 30 cm
";16000;22500;15.000,00 TL;
PND1364-W;ARCACHO APLİK/WALL;22X9 CM ;2200;3080;;
PND1364-W2;ARCACHO 3L APLİK/WALL;26X22X9 CM ;6600;9240;;
PND1364 ;ARCACHO AVİZE/CHANDELIER;80X21 CM ;37500;52500;;
PND1364 ;ARCACHO AVİZE/CHANDELIER;110;51500;72100;;
PND1364 ;ARCACHO AVİZE/CHANDELI+C124;120X30 CM ;42500;59500;;
PND1364-II;ARCACHO 2 KATLI  AVİZE/CHANDELIER;150X105 CM ;87500;122500;;
PND1281-I   ;CHAIN SARKIT 2 L /PENDANT;85X30 CM;37500;52500;;
PND1281-I   ;CHAIN SARKIT 3 L /PENDANT;125X30x5 CM;56500;79100;;
PND1252-W  ;LAVANTA APLİK/WALL;49 X 24 CM;3850;5500;1.500,00 TL;9 ADET DÖKÜM STOK 
PND1251-W;MERCAN APLİK/WALL;"

Boyutlar 
Toplam yükseklik 55 cm 
Gövde: 33 X 23 CM
Şapka: 25X18x14";3850;5500;1.500,00 TL;8 ADET DÖKÜM STOK 
PND1250-W;KÜP APLİK/WALL;"ÖLÇÜLER 
60 CM -17 CM ";3000;4200;1.500,00 TL;
PND-1249W3;YELPAZE  3 L APLİK/WALL;"ÖLÇÜLER 
83 X 34 CM ";4900;6860;1.250,00 TL;
PND-1398W;YELPAZE  2 L APLİK/WALL;"ÖLÇÜLER 
87 X 37 CM ";3800;5320;1.000,00 TL;
PND-1249W;YELPAZE  APLİK/WALL;"ÖLÇÜLER 
37 X 33 CM ";2000;2800;500,00 TL;
PND-1249W2;YELPAZE  2 L APLİK/WALL;"ÖLÇÜLER 
37 X 33 CM ";2500;3500;350,00 TL;
PND1249L;"YELPAZE  
LAMBADER  / FLOORLAMP";"ÖLÇÜLER 
175  CM ";10000;14000;900,00 TL;
PND1249L1;"YELPAZE  
LAMBADER  / FLOORLAMP";160 CM;12500;17500;;
PND1249-S;YELPAZE  SARKIT /PENDANT;60 Q;7500;10500;4.000,00 TL;
PND1664;YAPRAK  SERİP APLİK/WALL;"ÖLÇÜLER 
55 X 50  CM ";13000;18200;1.250,00 TL;
PND1664/W;YAPRAK  SERİP APLİK/WALL;"ÖLÇÜLER 
55 X 50  CM ";13500;18900;1.250,00 TL;
PND1664;YAPRAK SERİP AVİZE/CHANDELIER;95 Q;55000;77000;;
PND1665;LEAF APLİK/WALL;"ÖLÇÜLER 
65 X 45 CM ";9500;13300;1.500,00 TL;
PND1270-W;"AİDA 
APLİK/WALL";"ÖLÇÜLER 
55 X 35 CM ";4800;6720;;
PND1394-W  1 ;PYSO APLİK/WALL;17 Q ;3900;5460;;
PND1394-W  2;PYSO APLİK/WALL;;1475;2065;;
PND1394-W  3;PYSO APLİK/WALL;;1875;2625;;
PND1669;"FRANK
APLİK/ WALL ";"ÖLÇÜLER 
55 X 35 CM ";8500;11900;1.000,00 TL;
PND1286;PIPE BALL;"ÖLÇÜLER
29X5 CM ";875;1225;;
PND1245-I  ;FREYA SARKIT/PENDANT ;"ÖLÇÜLERC
40 CM ";7500;10000;9 ADET STOK;
PND1245-I  ;FREYA SARKIT/PENDANT ;"ÖLÇÜLER
60 CM ";8500;12000;9 ADET STOK TEŞHİR HARİÇ;
PND1245-I  ;FREYA SARKIT/PENDANT ;"ÖLÇÜLER
80 CM ";9500;13000;10 ADET STOK;
PND1245-I  ;FREYA SARKIT/PENDANT ;"ÖLÇÜLER
90 CM 
";11000;15000;10 ADET STOK;
PND1374;SHINE SARKIT/PENDANT ;"ÖLÇÜLER
25X30 CM 
";3500;4900;1.750,00 TL;
PND1381;SHINE SARKIT/PENDANT ;"ÖLÇÜLER
35X55 CM 
";6500;9100;2.750,00 TL;
PND1412;POLIRETEN SARKIT/PENDANT;"ÖLÇÜLER
55 CM 
";6500;9100;;
PND1412;POLIRETEN SARKIT/PENDANT;"ÖLÇÜLER
75 CM 
";9000;12600;;
PND1412;POLIRETEN SARKIT/PENDANT;"ÖLÇÜLER
120 CM 
";11000;15400;;
PND1671;POLIRETEN  APLİK/WALL;"ÖLÇÜLER
32X11 CM 
İÇ ÖLÇÜ
19 Q

";4500;6500;2.500,00 TL;
PND1672;HENA POLIRETEN  APLİK/WALL;"ÖLÇÜLER
70 Q 

";11000;15400;2.750,00 TL;
PND1672;HENA POLIRETEN  APLİK/WALL;"ÖLÇÜLER
60 Q";10000;14000;2.550,00 TL;
PND1672;HENA POLIRETEN  APLİK/WALL;"ÖLÇÜLER
50 Q";9500;13300;2.400,00 TL;
PND1672;HENA POLIRETEN  APLİK/WALL;"
ÖLÇÜLER 
40 Q";7000;9800;1.750,00 TL;
PND1673;HENA POLIRETEN  APLİK/WALL;"
ÖLÇÜLER 
34X24X20 CM";3750;5250;1.875,00 TL;
PND1231W; BUTTERFLY APLİK /WALL;"ÖLÇÜLER
22X22
";2000;2800;1.000,00 TL;
PND1231; BUTTERFLY SARKIT/PENDANT;"ÖLÇÜLER
17X24
";2200;3080;1.000,00 TL;
PND1231-5; BUTTERFLY 5 SARKIT/PENDANT;"ÖLÇÜLER
35X100
";11000;15400;5.000,00 TL;
PND1231L; BUTTERFLY SARKIT/PENDANT;"ÖLÇÜLER
150X25
";7500;10500;2.000,00 TL;
PND1231T;" BUTTERFLY 
ABAJUR/TABLE";"ÖLÇÜLER
18X41
";3900;5460;1.500,00 TL;
PND1210-T;"ECLİPSE ABAJUR/ TABLE LAMP
";"
40X25 CM
";4500;6300;975,00 TL;
PND1210-1;"ECLİPSE SARKIT/PENDANT
";"
18 Q 
";4500;6300;1.750,00 TL;
PND1210-2;"ECLİPSE SARKIT/PENDANT 
";"
25 Q ";5500;7700;2.000,00 TL;
PND1274W;ERASMUS APLİK /WALL;Cam ölçüleri 20x15x10 ;4800;6720;2.400,00 TL;
PND1274;ERASMUS SARKIT /PENDANT;Cam ölçüleri 20x15x10 ;4000;5600;2.000,00 TL;
PND1274;ERASMUS SARKIT /PENDANT;"Cam ölçüleri 20x15x10 
";4500;6300;2.250,00 TL;
PND1274;"ERASMUS
LAMBADER/FLOOR LAMP";"Cam ölçüleri 20x15x10 
";17500;24500;0,00 TL;
PND1269W-1;"GLOBO 
APLİK/WALL";55X30 CM ;6500;9100;8 ADET STOK;
PND1269W-2;"GLOBO 
APLİK/WALL";25X28X35 CM ;5000;7000;;
PND1269W-3;"GLOBO 
APLİK/WALL";"80X26 CM 
 ";11000;15400;;
PND1269-A/1;"GLOBO
 SARKIT/PENDANT";" 40 CM
 ";12000;16800;;
PND1269-A/2;"GLOBO
 SARKIT/PENDANT";" 60 CM
";14000;19600;;
PND1269-A/3;"GLOBO
 SARKIT/PENDANT";40X90 CM;12000;16800;;
PND1269-B;"GLOBO MASA ÜSTÜ
 SARKIT/PENDANT";"ÖLÇÜLER
100X40 CM ";16000;22400;;
PND1269-C;"GLOBO 
 SARKIT/PENDANT";Q:60;22500;31500;;
PND1269-T;GLOBO ABAJUR/TABLE LAMP;"ŞAPKA: 25 Q 
YÜKSEKLİK 50 CM ";8500;11900;;
PND1269-L;GLOBO ABAJUR/TABLE LAMP;"ŞAPKA: 46 Q 
YÜKSEKLİK160 CM ";17500;24500;;
PND1269;GLOBO DRESUAR;120X90X40 CM;30000;42000;;
PND1258;BOMMA TEKLİ SARKIT;"Cam ölçüsü 
32x22";3800;5320;;
PND1217;BUBBLE LİNER SARKIT/PENDANT;100X20 CM;14000;19600;;
PND1342-W;SEDEF APLİK/WALL;50X50 CM ;9500;13300;;
PND1342;SEDEF AVİZE /CHANDELIER;90 Q ;62500;87500;;
PND1371 ;BUTTERFLIES SARKIT/PENDANT;60X140 CM;22500;31500;;
PND1596;KRİPTO SARKIT/PENDANT;"ÖLÇÜLER
23 X 29";3500;4900;1.750,00 TL;
PND1686;ICEBERG STONE SARKIT/PENDANT;;3000;4200;1.000,00 TL;
PND1686;ICEBERG STONE SARKIT/PENDANT;;3000;4200;1.000,00 TL;
PND1219;CAMBER SARKIT/PENDANT;"ÖLÇÜLER
16 CM";1800;2520;;
PND1219;CAMBER SARKIT/PENDANT;"ÖLÇÜLER
16 CM";1800;2520;;
PND1219;CAMBER SARKIT/PENDANT;"ÖLÇÜLER
16 CM";1800;2520;;
PND1404;NOON SARKIT/PENDANT;20 Q;1250;1750;5 ADET STOK;
PND1404;NOON SARKIT/PENDANT;25Q;1500;2100;5 ADET STOK;
PND1404;NOON SARKIT/PENDANT;30 Q;1750;2450;5 ADET STOK;
PND1404;NOON SARKIT/PENDANT;35Q;2000;2800;5 ADET STOK;
PND1404W;NOON APLİK/WALL;40 Q;2500;3500;5 ADET STOK;
PND1404W;NOON APLİK/WALL;45 Q;3500;4900;5 ADET STOK;
PND1294A;"VİKTOR SARKIT/PENDANT 
";"
30 Q 
RENK: SOMON";5850;8190;2.000,00 TL;
PND1294B;"VİKTOR SARKIT/PENDANT 
";"
25 X 50 CM
RENK :YEŞİL";6350;8890;2.600,00 TL;
PND1294C;"VİKTOR SARKIT/PENDANT 
";"
30 X 46 CM
RENK :SİYAH";5850;8190;2.000,00 TL;
PND1272W;BLUM APLİK/WALL;30 X 40 CM;2250;3150;2.000,00 TL;
PND1272;BLUM APLİK/WALL;70 X 30 CM;4900;6860;;
PND1272-L;BLUM LAMBADER/FLOOR LAMP;30X164 CM;14500;20300;7.250,00 TL;
PND1410;HAT SARKIT/PENDANT;25X30CM;2250;3150;;
PND1399;KATTY COLOR NEW SARKIT /PENDANT;20 CM;3750;5250;1.500,00 TL;
PND1399;KATTY COLOR NEW SARKIT /PENDANT;15 CM;3750;5250;1.500,00 TL;
PND1399;KATTY COLOR NEW SARKIT /PENDANT;20 CM;3750;5250;1.500,00 TL;
PND1399;KATTY COLOR NEW SARKIT /PENDANT;20 CM;3750;5250;1.500,00 TL;
PND1211;KATTY COLOR  SARKIT /PENDANT;;3000;4200;;
PND1211;KATTY COLOR  SARKIT /PENDANT;;3000;4200;;
PND1211;KATTY COLOR  SARKIT /PENDANT;;3000;4200;;
PND1237;"KATTY COLOR SEHPA
renk alternatifli";ÇAP :50 UZUNLUK:53 CM ;12500;17500;;
PND1237;"KATTY COLOR ORTA SEHPA 
renk alternatifli ";75 X35 CM ;17500;24500;;
PND1677;PLASS SARKIT SMALL TEKLİ/PENDANT;30X20 CM ;2450;3430;;
PND1677;PLASS SARKIT MEDIUM TEKLİ/PENDANT;25X45 CM;3750;5250;;
PND1273;DREAM GLAS SARKIT/PENDANT;15X 100 CM ;920;1288;160,00 TL;
PND1273;DREAM GLAS SARKIT/PENDANT;20 X 100 CM ;1750;2450;450,00 TL;
PND1273;DREAM GLAS SARKIT/PENDANT;25 X 100 CM ;2750;3850;700,00 TL;
PND1273;DREAM GLAS SARKIT/PENDANT;30 X 100 CM ;3500;4900;900 cam;
PND1273;DREAM GLAS 5 L SARKIT/PENDANT;40X100 CM;6900;9660;;
PND1273;DREAM GLAS 6 L SARKIT/PENDANT;55X90 CM ;8900;12500;;
PND1273;DREAM GLAS 10 L SARKIT/PENDANT;160X70 CM;12500;17500;;
PND1273;DREAM GLAS APLİK/WALL;35X15CM;1250;1750;;
PND1273;DREAM GLAS APLİK/WALL;15X73 CM ;1875;2625;;
PND1273;DREAM GLAS APLİK/WALL;15X30 CM;1850;2590;;
PND1273;DREAM GLAS APLİK/WALL;15X40 CM;2800;3920;;
PND1273;DREAM GLAS  SARKIT/PENDANT;70 X115 CM;9500;13300;4.750,00 TL;
PND1262   ;PILOVITI SARKIT/PENDANT;140 Q ;17500;24500;;
PND1227;CLOUD SARKIT SMALL;35X20 CM ;5600;7850;2.800,00 TL;
PND1227;CLOUD SARKIT MEDIUM;65X45X45CM;7000;8800;3.500,00 TL;
PND1227;CLOUD SARKIT LARGE;90X45X45 CM;12600;15000;6.300,00 TL;
PND1226;CLOUD SARKIT FANUS ;50 CM;11900;15000;5.950,00 TL;
PND1227;CLOUD ABAJUR/TABLE LAMP;65 x 65 cm;8400;11760;4.200,00 TL;
PND1227;CLOUD ABAJUR/TABLE LAMP;65 x 65 cm;8400;11760;4.200,00 TL;
PND1227;CLOUD LAMBADER/FLOOR LAMP;150X50 CM ;12600;12750;6.300,00 TL;
PND1227;CLOUD LAMBADER/FLOOR LAMP;175x55x45 cm;11200;15000;5.600,00 TL;
PND1676;ANGELA MASA LAMBASI/TABLE LAMP ;24X43 CM;3900;4750;650 cam ;
PND1676;ANGELA SARKIT/PENDANT;24X150 CM ;2900;4060;650 cam;
PND1310;GALERIA APLİK/WALL;62X13 CM;2900;4060;16 ADET STOK;
PND1347-W ;KRİSTAL APLİK/WALL;55X15 CM;5500;7700;;
PND1280;KATE  APLİK/WALL;;8500;11900;TEŞHİR DAHİL 3 ADET STOK;
 PND1298                             ;QUARTZ TAŞLI ARMATÜR;"Q: 50 CM 
H: 38 CM 
";37500;52500;;
PND1280-V2;QUARTZ AVİZE ;"Q: 52 CM 
L: 9 CM 
";45000;63000;;
PND1280;QUARTZ SARKIT/PENDANT ;"H:50 CM 
Q: 14 CM ";12500;17500;;
PND1280;QUARTZ SARKIT/PENDANT ;"H:120 CM 
Q: 12,5 CM ";27000;37800;27.000,00 TL;
PND1280;QUARTZ YUVARLAK FORM SARKIT/PENDANT ;60 Q;33000;46200;;
PND1280;QUARTZ YUVARLAK FORM SARKIT/PENDANT ;80 Q;48000;67200;;
PND1280;QUARTZ YUVARLAK FORM SARKIT/PENDANT ;100 Q;65000;91000;;
PND1280-W;QUARTZ APLİK/WALL;"H:14 CM 
L: 46 CM ";11500;16100;;
PND1280;QUARTZ RING SARKIT/PENDANT ;90 cm  iç  çember 82 cm ;40000;56000;;
PND1280;QUARTZ RING SARKIT/PENDANT ;75 cm  iç çember 66 cm ;30000;42000;;
PND1280;QUARTZ RING SARKIT/PENDANT ;55 cm  iç çember 46 cm ;25000;35000;;
PND1280;QUARTZ RING SARKIT/PENDANT ;35 cm iç çember 27 cm;15000;21000;;
PND1326-L  ;KRİSTAL AVİZE LİNER/CHANDELIER;110X50 CM ;19000;26600;;
PND1326   ;KRİSTAL AVİZE /CHANDELIER;Q:50 CM ;17500;24500;;
PND1326-W  ;KRİSTAL AVİZE /CHANDELIER;35X55 CM;4500;6300;;
PND1239;DOĞAL TAŞLI APLİK/WALL;38X18 CM ;4800;6720;;
PND 1218-W;MELT SARKIT/PENDANT;28X120 CM;3800;5320;1.300,00 TL;
PND 1218;MELT SARKIT/PENDANT;28X120 CM;3800;5320;1.450,00 TL;
PND 1218;MELT SARKIT/PENDANT;36X 120 CM ;5900;8260;2.450,00 TL;
PND 1218;"MELT ABAJUR/TABLE LAMP
"; 28 X 44 cm ;6500;9100;1.720,00 TL;
PND 1218-L;MELT LAMBADER/FLOOR LAMP;;17500;24500;;
PND1427;BOB SARKIT ;24.5X18 CM ;1250;1750;500,00 TL;
PND1427;BOB SARKIT ;24.5X18 CM ;3750;5250;1.500,00 TL;
PND1248;KARO APLİK/WALL;32X45 CM ;4800;6800;;
PND1240-W;CUARDO APLİK/WALL;30X42 CM ;3500;4900;;
PND1240-M2;CUARDO MASA LAMBASI/TABEL LAMP;;5500;7700;;
PND1240-M;CUARDO MASA LAMBASI/TABEL LAMP;;3900;5460;;
PND1255;MODO APLİK NEW /WALL;30X23 CM ;1250;1750;;
PND1257-W;MODO APLİK/WALL;10 X13X48 CM ;1200;1680;;
PND1257;MODO SARKIT/PENDANT;100X50 CM ;9500;15000;;
PND1257-A;MODO ARMATÜR/PENDANT;40X50 CM ;2750;3850;;
PND1678;DAİRE MERMER APLİK/WALL;"DERİNLİK 7CM 
MERMER Q 20 CM
METAL DAHİL BİTMİŞ 23 CM";2500;3500;1.250,00 TL;
PND1337;GENZA APLİK/WALL;50X15 CM ;875;1225;;
PND1337;GENZA SARKIT/PENDANT;"GÖVDE ÇAP 48 CM
CAM DAHİL 74  Q";4200;6750;;
PND1679;SPOT ARMATÜR;60 CM ;2200;8800;1.000,00 TL;
PND1244;EQUNINOX AVİZE ;54 X 72 CM ;21000;29500;;
PND1244;EQUNINOX AVİZE ;155X70 CM ;26000;37500;;
PND1245;EQUNINOX AVİZE ;160 CM;32000;45000;;
PND1245;EQUNINOX AVİZE ;80X90 CM ;12500;17500;;
PND1245;EQUNINOX AVİZE ;210X55 CM ;28500;39900;;
PND1245;EQUNINOX MASA LAMBASI/ TABLE LAMP ;35 CM;5800;8120;;
PND1682;MUSSEL SARKIT 10L;60X120 CM ;15500;21700;7.225,00 TL;
PND1682;MUSSEL SARKIT APLİK/WALL;20 CM;1850;2590;800,00 TL;
PND1683;FELIX 7 L;60X120 CM ;9600;15500;4.800,00 TL;
PND1684;EMILY 5 L ;60X120 CM ;13500;18900;6.750,00 TL;
PND1684;EMILY 6 L LİNER;100X100 CM;16200;22680;8.100,00 TL;
PND1264;PUL APLİK/WALL;30 Q;3250;4550;;
PND1264;PUL AVİZE/CHANDEIER;40 Q;3900;5460;;
PND1264;PUL AVİZE 5 L /CHANDEIER;100X35;19500;27300;;
PND1264-T;PUL ABAJUR/TABLELAMP;45X50 CM;4900;6860;;
PND1430 ;GREEN BALL SARKIT/PENDANT;20 Q;3000;4200;;
PND1430 -W1;GREEN BALL APLİK/WALL;18X35CM;2200;3080;;
PND1430 -W2;GREEN BALL APLİK/WALL;20X75CM;3900;5460;;
PND1430 -W3;GREEN BALL APLİK/WALL;20X75CM;3900;5460;;
PND1341-W ;YILAN APLİK / WALL;90X29 CM ;7000;9800;;
PND1341-W ;YILAN AYNA/MIRROR;;10750;15050;;
PND1436-A  ;CBC AVİZE/CHANDELIER;122X83;15000;21000;;
PND1436-B;CBC AVİZE/CHANDELIER;119 Q;17500;24500;;
PND1718;MAYBE APLİK/WALL;68X28X14 cm;4450;6230;;
PND1719;ELISA APLİK /WALL;75X12CM ;4850;6790;;
PND1720;KONİ APLİK ;27X11X16 CM;1875;2625;;
PND1721;MEŞALE APLİK/WALL;50X11X9X3,5 CM ;1350;1890;;
PND1722-W1;LORA APLİK/WALL;30X10X5 CM ;1250;1750;;
PND1722-W2;LORA APLİK/WALL;25x10x5 CM;1350;1890;;
PND1722;LORA AVİZE/CHANDELIER;120X60 CM ;25000;35000;;
PND1723-W;LORA APLİK/WALL;32X20 CM ;2750;3850;;
PND1724;LORA AVİZE/CHANDELIER;80X80 CM ;12500;17500;;
PND1725;DESİ AVİZE/CHANDELIER ;100X60 CM;27500;38500;;
PND1707-W;BOCKA APLİK/WALL;40X10 CM;1250;1750;;
PND1707;BOCKA SARKIT/PENDANT;60 Q;5500;7700;;
PND1309   ;KITAMI APLİK/WALL;;4750;6650;;
PND1309-A       ;KITAMI SARKIT/PENDANT;;12500;17500;;
PND1713-W;MATTEO APLİK/WALL;30X30 CM ;2650;3710;;
PND1713;MATTEO SARKIT/PENDANT;80X40 CM ;4500;6300;;
PND1713;MATTEO SARKIT/PENDANT;80X40 CM ;9500;13300;;
PND1713;MATTEO SARKIT/PENDANT;80X70 CM;7500;10500;;
PND1276-W;STARY APLİK/WALL;50X25X8 CM;6900;9500;1.565,00 TL;
PND1276-1;STARY SARKIT /CHANDELIER;50X50X35 CM;9690;13500;3.130,00 TL;
PND1276-2;STARY SARKIT /CHANDELIER;50X50 CM ;9690;13500;3.130,00 TL;
PND1276-3;STARY SARKIT /CHANDELIER;130X40 CM;9690;13500;3.130,00 TL;
PND1726-W;DORYA APLİK/WALL;68X15CM ;4500;6300;;
PND1726;DORYA AVİZE/CHANDELIER;50X22CM;15000;21000;;
PND1726;DORYA AVİZE/CHANDELIER;120 25 CM ;25000;35000;;
PND1726;DORYA LİNER AVİZE/CHANDELIER;150X 30 CM ;25000;35000;;
PND1667    ;GLEEN SARKIT LINER/PENDANT;150X30 CM ;18800;26320;9.400,00 TL;
PND1667    ;GLEEN SARKIT /PENDANT;60X30 CM ;11000;15400;5.500,00 TL;
"
PND1668  ";LINDA SARKIT/PENDANT;Ø:35CM H:90CM;8900;12460;2.200,00 TL;
PND1412 ;GREEN LIGHT SARKIT /PENDANT;Ø:28CM H:130CM;3750;5250;1.500,00 TL;
PND1352-W    ;SARA ZİNCİR APLİK /WALL;"ÖLÇÜLER
15 X 40 
 ZİNCİR DAHİL 65CM";2800;3920;;
PND1352-W   2;SARA ZİNCİR APLİK /WALL;"ÖLÇÜLER
55 X 50 CM";5900;8260;350,00 TL;
PND1387-O  ;SARA ZİNCİR AVİZE / CHANDELIER;"ÖLÇÜLER 
80 Q 
";16500;23100;;
PND1387 -B;SARA ZİNCİR AVİZE / CHANDELIER;"ÖLÇÜLER 
100 Q 
";22800;31920;;
PND1387-Q ;SARA ZİNCİR AVİZE / CHANDELIER;"ÖLÇÜLER 
80 Q  X 50
";18500;25900;;
PND1387 -T;SARA ZİNCİR AVİZE / CHANDELIER;"ÖLÇÜLER 
100 Q  X 50
";25500;35700;;
PND1707-T1;"LENA ABAJUR /
TABLE LAMP";"ÖLÇÜLER 
60 X 40 CM
ALT TABLA
45X15 CM
ŞAPKA 
61 X 24
TOPLAM YÜKSEKLİK 72 CM ";9500;13300;;
PND1707-T2;"LENA ABAJUR /
TABLE LAMP";"123X68X27,5 CM 
";23500;32900;;
PND-0123;"HORSE
ABAJUR / TABLE LAMP";"ÖLÇÜLER
45X102 CM ";12500;24000;;
PND-0124;"Stella  
APLİK/WALL";"ÖLÇÜLER
110X30";3400;5000;;
PND1335;"GRACE 
APLİK/WALL";"ÖLÇÜLER
60X 15 CM ";1875;2650;;
PND1335;"GRACE 
SARKIT/PENDANT";50X100 CM ;2200;3000;;
PND1335;"GRACE
ABAJUR/TABLE LAMP";"ÖLÇÜLER
45x85cm";12500;17500;;
PND1335;"GRACE
AVİZE/CHANDELIER";"ÖLÇÜLER
100X80 CM ";25000;35000;;
PND1335;"GRACE 
MASA ÜSTÜ AVİZE /CHANDELİER";ÖLÇÜLER 100X50 X60CM;28500;40000;;
PND1335;"GRACE 
MASA ÜSTÜ AVİZE /CHANDELİER";"ÖLÇÜLER
140X50X75 CM";45000;65000;;
PND1335;GRACE MASA /TABLE ;200X100 CM ;135000;189000;;
PND-123;"SNAKE 
APLİK/WALL";"ÖLÇÜLER
32x25x89cm";6900;9660;;
PND-124;DIEGO APLİK/WALL;"ÖLÇÜLER
11X80 CM ";1475;2000;255,00 TL;
PND-125;SUN AVİZE /CHANDELIER;;16500;23100;;
PND1714;HERA SARKIT;H:85 CM;9500;13300;;
PND1714;HERA SARKIT;H:100 CM;12500;,;;
PND1714;HERA SARKIT;H:120 CM;13600;19040;;
PND1714-P1;"HERA SARKIT/PENDANT
";60x30 CM;8000;11200;;
PND1714-P2;"HERA SARKIT/PENDANT
";80x30  CM;9000;12600;;
PND1714-P3;"HERA SARKIT/PENDANT
";90X30 CM;10000;14000;;
PND1714-1;HERA RING SARKIT/PENDANT;;19500;27300;;
PND1714-2;HERA SARKIT;" ÇAP  90 CM DİR.
16 GLOB CAM ÇAP:70 CM DİR.";39000;54600;;
PND1714-3;HERA SARKIT;" ÇAP  90 CM
 ÇAP:70 CM 
ÇAP:50 CM DİR.";54000;75600;;
PND1715;SERA SARKIT/PENDANT;Q: 70 CM ;13500;18900;;
PND1715;SERA APLİK ;45X15X6 CM;2850;3990;750,00 TL;
PND1727;YAPRAK ARMATÜR;70X 10 CM;18000;25200;;
PND1727-AP;YAPRAK APLİK /WALL;30X 10 CM ;2250;3150;;
PND18887;"EMMA
LAMBADER / FLOORLAMP";X;7500;10500;1.000,00 TL;
PND1256;QBA SARKIT A;"Ölçüler
 15 cm     120 cm ";1250;1750;930,00 TL;
PND1256;QBA SARKIT B;"Ölçüler
 15 cm     120 cm   ";900;1260;489,00 TL;
PND1246  ;HEDGEHOG KİRPİ AVİZE/CHANDELIER ;70 Q;14000;19600;;
PND1685;MORRIS APLİK/WALL;"

Ölçüler
 6 cm     61 cm   
";1230;1750;615,00 TL;
PND1685;MORRIS APLİK/WALL;"

Ölçüler
 6 cm     91 cm   
";1670;2400;835,00 TL;
PND1685;MORRIS APLİK/WALL;"Ölçüler
 6cm     121 cm   
";1780;2500;890,00 TL;
PND1287;"VERONICA 1
 SARKIT 3L/ PENDANT";H: 100 CM ;2250;3150;;
PND1287;VERONICA 1 SARKIT/PENDANT;H:85 ;1490;2086;;
PND1288;VERONICA SARKIT/PENDANT;H:85 ;1490;2086;;
PND1288;VERONICA APLİK /WALL;"H:76 CM 
CAM:10X40 CM
EN:20 CM ";3900;5500;1.750,00 TL;
PND1288;VERONICA AVİZE/CHANDELIER;100 Q;24500;34300;;
PND1233  ;"DIALLO 
CHANDELIER/AVİZE
SMALL";75X100 CM ;17500;24500;;
PND1425-W  ;SAIERSE APLİK/WALL;30X60 CM ;2850;3990;;
PND1431-W1;WINKLE ZARF APLİK/WALL;38X10X13 CM ;2750;3850;;
PND1431-W2   ;WINKLE ZARF APLİK/WALL;40X12X8 CM ;1875;2625;  ;
PND1728;MAFSALLI APLİK ;X;1875;2625;;
PDN0001;PETSO APLİK/WALL;"D: 12 CM 
CAM D:13 CM ";780;1092;;
PDN0002;PETSO TABLE/MASA LAMBASI ;"D: 15 CM 
CAM D:20 CM 
H:63 CM ";980;1372;;
PDN0003;MUSH TABLE / MASA LAMBASI ;"D:30 CM
H:45 CM ";3900;5460;800,00 TL;
PDN0004;TULU PENDANT/SARKIT;"D:45 CM 
H: 55 CM ";890;1246;;
PND1380  ;"BLOOM SARKIT/PENDANT
SMALL";"D:40 CM 
H: 63 CM ";1800;2520;;
PND1380  ;"REBECA SARKIT/PENDANT LARGE 
";"D: 40 cm 
H: 88 cm
";2150;3010;;
PND1378      ;DINGDONG SARKIT/PENDANT;60 Q;3950;5530;;
PND1390-T    ;APLİKQA MASA LAMBASI/TABLE;"20 X 60 CM 
";650;910;;
PND00012;VIOLET SARKIT / PENDANT;"D: 40 cm 

";1450;2030;;
PND00013;RİXOS  APLİK/WALL;"D:  9 CM
H: 55 CM 
";1850;2590;;
PND00014;"ARORA 
APLİK/WALL";"D: 8 CM 
H:53 CM 
CAM D: 25 CM ";820;1148;;
PND00015;"ARORA 
APLİK/WALL";"D:  8 CM 
H: 75 CM
CAM D: 25 CM 
";1070;1498;;
PND1300 ;QENVA APLİK;57X27 CM ;6500;9100;;
PND1238W1;"İSTİRİDYE SARKIT
CHANDELIER";"ÖLÇÜ
20X21 CM";900;1260;1.100,00 TL;
PND1238W2;"İSTİRİDYE SARKIT
CHANDELIER";"ÖLÇÜ
50 X20 CM";1800;2520;1.100,00 TL;
PND1238A;"İSTİRİDYE SARKIT
CHANDELIER";"ÖLÇÜ
20X21 CM ";2700;3780;1.100,00 TL;
PND1238;"İSTİRİDYE SARKIT
CHANDELIER";65 Q;15000;21000;1.100,00 TL;
PND1238;"İSTİRİDYE SARKIT
CHANDELIER";50 Q;13500;18900;900,00 TL;
PND 1238;"İSTİRİDYE LİNER/
CHANDELIER";80X40 CM ;13000;18200;;
PND1674;"Vanessa 1
 APLİK/WALL";20 X 38 CM ;4300;6000;600 cam maliyeti;
PND1674;"Vanessa 2 
 APLİK/WALL";"D: 20 CM
";4000;5800;525 cam maliyet;
PND1674;Vanessa Sarkiıt/Pendant;"ÖLÇÜ
20 x 35 cm";6000;8500;600  cam maliyeti;
PND1674;Vanessa Sarkiıt/Pendant;"ÖLÇÜ
30x50 cm  ";9000;12600;1950  cam ;
PND1674;;"D: 45 CM
H: 100 CM 
";12500;17500;;
PND1691;"MARCO
AVİZE/CHANDELIER";35 Q;16500;23100;5.500,00 TL;
PND1691;"MARCO
AVİZE/CHANDELIER";50 Q;27000;37800;9.000,00 TL;
PND1691;"MARCO
AVİZE/CHANDELIER";70 Q;54000;85000;18.000,00 TL;
  PND1343                        ;MONALIZA AVİZE/CHANDELIER;80  Q;32500;45500;;
PND1411-W  1;MERVIN APLİK SMALL/WALL;W. 25 | D. 12 | H. 40 CM;6500;9100;;
PND1411-W2  ;MERVIN APLİK LARGE /WALL;W. 25 | D. 12 | H. 65 CM;8500;11900;;
PND1411-I  ;MERVIN AVİZE/CHANDELIER; ø 50 x H. 45 cm;25000;35000;;
PND1411-I;MERVIN 2 KATLI  AVİZE/CHANDELIER; ø 50 x H. 45 cm;37000;51800;;
PND1411- II                     ;MERVIN AVİZE/CHANDELIER;Ø 95 | H. 45  CM;45000;63000;;
PND1411-II ;MERVIN 2 KATLI  AVİZE/CHANDELIER;ø 95 x H. 70 CM;70000;98000;;
PND1402-III    ;MERVIN LİNER FORM  AVİZE/CHANDELIER;140 x 40 x H. 25 cm;40000;56000;;
PND1218;BUBBLE COPPER 3 L LİNEER FORM;"ÖLÇÜ
20 Q ";2800;3900;;
PND1218;BUBBLE COPPER 15 L LİNEER FORM;"ÖLÇÜ
100X20 C
";13500;19500;;
PND1218;BUBBLE COPPER 10 L YUVARLAK FORM;"ÖLÇÜ
45 Q";9000;13000;;
PND1218;BUBBLE COPPER 20 L YUVARLAK FORM;"ÖLÇÜ
60 Q";19000;27000;;
PND1335 W;SOFIA APLİK/WALL;15 Q;1250;1750;;
PND1335 W;SOFIA SARKIT/PENDANT;12 Q;1000;1400;;
PND1266;SOFIA 3 L SARKIT/PENDANT;"15 Q
KABLO BOYU:80 CM";3000;4200;;
PND1266;SOFIA 10 L SARKIT/PENDANT;"UZUNLUK: 100 cm
KABLO BOYU:80 CM";10000;14000;175 TL;
PND1266;SOFIA 12 L SARKIT/PENDANT;"45 Q
KABLO BOYU:80 CM";12000;16800;;
PND1232;"Mercy 12 L 
Sarkıt";D: 40  Q;14000;19600;;
PND1232-LNR;"Mercy 10 L
Sarkıt";"
H: 100 CM 
W:100 CM
";11700;16380;;
PND1675;"MERRY  3 L  
SARKIT";"D:30 CM
H:100 CM ";3000;4200;;
PND1675;"MERRY  10 L  
SARKIT";"D: 40 Q 
H: 100 CM 
";10000;14000;;
PND1675;"MERRY  12 L  
SARKIT";"D: 45 Q 
H: 100 CM 
";12000;16800;;
PND1675;"MERRY  20 L  
SARKIT";"W: 100X 20 CM 
H:100 cm";20000;28000;;
PND1306;LARA  AVİZE/CHANDELIER;65 CM ;2450;3430;;
PND1306;LARA AVİZE/CHANDELIER;Dia : 60 cm;7750;10850;;
PND1306;LARA AVİZE/CHANDELIER;145X70X70 CM ;8900;12460;;
PND1306;LARA AVİZE/CHANDELIER;170X70 CM ;12000;16800;;
PND1303;LISSA SARKIT/PENDANT;"
Ölçüler
Q  22 cm   
  120 cm   ";850;1250;412,00 TL;
PND1303;LISSA SARKIT/PENDANT;"
Ölçüler
Q: 24 cm    
 120 cm   ";980;1500;490,00 TL;
PND1303;LISSA  SARKIT/PENDANT;"
Ölçüler
 25 cm     120 cm   ";600;950;270,00 TL;
;DIAZ TABLO APLİK/WALL;"Ölçüler
35 cm     20 cm   ";690;966;205,00 TL;
PND1304;TURNA TABLO APLİK/WALL;"Ölçüler
 40 cm     12 cm   ";1490;2100;570,00 TL;
PND1304;TURNA TABLO APLİK/WALL;"Ölçüler
 60 cm     12 cm   ";1690;2400;670,00 TL;
PND1304;TURNA TABLO APLİK/WALL;"Ölçüler
 80 cm     123 cm";1890;2650;805,00 TL;
;Fade Cam Tekli Sarkıt;"CAM MALZEME -
RENK ALTERNATİFİ  BAKIR-KROM-ALTIN 
Dia:60 cm";875;1225;225,00 TL;30,00 TL
1288;Fade Cam Tekli Sarkıt;"CAM MALZEME -
RENK ALTERNATİFİ  BAKIR-KROM-ALTIN
Dia:35cm";450;630;100,00 TL;
;HASIR SARKIT;"Ölçüler
25 cm  50 cm  ";700;950;290,00 TL;
;HASIR SARKIT;"Ölçüler
 35 cm     120 cm   
";950;1250;365,00 TL;
1256;HASIR SARKIT;"Ölçüler
40 cm    47  cm   
";1000;1300;390,00 TL;
;Helga Tekli Cam Sarkıt ;CAM MALZEMEDEN YAPILMAKTADIR.;225;315;;
 PND1235                  ;"OCCO 6 LI SARKIT/PENDANT
";35 Q;8500;11900;200,00 TL;1.200,00 TL
 PND1235                  ;"OCCO 10 LI SARKIT/PENDANT
";100x15 cm ;14250;19950;;
 PND1235                  ;"OCCO 14 LI SARKIT/PENDANT
";"Dia : 14 * 10 cm Glass  
Note: 1 Glass is 2kg. ";19800;27720;2.380,00 TL;
 PND1235                  ;"OCCO 20 LI SARKIT/PENDANT
";60 Q ;28300;39620;;
 PND1235                  ;"OCCO 50 LI SARKIT/PENDANT
";90 Q;75000;105000;;170,00 TL
PND1335;GRACE SARKIT/PENDANT;50X 10 CM ;2700;3780;;
PND1335-A  ;GRACE AVİZE/CHANDELIER;Q:100 CM;40000;56000;;
PND1335-B;GRACE AVİZE/CHANDELIER;140X45 CM;65000;91000;;
PND1335-W;GRACE APLİK/WALL;15X60 CM;2200;3080;;
PND1263;"TYCHO ROUND/SARKIT
SUSPENSION"; 12 L  YUVARLAK FORM SARKIT Dia:60 CM ;35000;49000;;
PND1263;"TYCHO ROUND
SUSPENSION  ";14 L  LİNEER FORM SARKIT Dia:110 cm ;37500;52500;;
PND1263-W ;TYCHO ROUND WALL;Dia:20 cm ;2750;3850;;
PND1263-W ;TYCHO  2L WALL;DIA:85X 25;6500;9100;;
PND1402;Mcqueen Avize/Chandelier ;"Dia:65 CM 
Lengt:120 cm";35000;49000;;
PND1708;OLIVER  METAL SARKIT;40 Q;25000;35000;;
PND1708;OLIVER  METAL SARKIT;90 Q;65000;91000;;
PND1709;EMPIRE   80 CM ARMATUR SARKIT/CHANDELIER;90 Q;28500;39900;;
PND1709;EMPIRE   80 CM ARMATUR SARKIT/CHANDELIER;"Çap: 80cm
Uzunluk: 30";28500;39900;;
PND1709;EMPIRE   MASA ÜSTÜ/CHANDELIER;"Uzunluk: 120cm
Derinlik: 36cm
Yükseklik: 35";32500;45500;;
PND1709;"EMPIRE KARE FORM   8 KATLI
AVİZE /CHANDELIER
4 KAT CAM 
4 KAT METAL ";"METAL Üst:75  cm 60 cm 40 cm alt:20 cm
75X100 CM  ";75000;105000;;
PND1709;"EMPIRE KARE FORM   8 KATLI
AVİZE /CHANDELIER
4 KAT CAM 
4 KAT METAL ";"ÜST 80  cm 
60 cm
40 cm
 20 cm 
100X70 CM ";70000;98000;;
PND1709;EMPIRE 3 L  ESKİTME AVİZE/ CAHNDELIER;"Çap: 25cm
Uzunluk: 30cm
tek katlı cam: 15cm ";9000;12600;;
PND1709;EMPIRE ESKİTME  AVİZE/ CHANDELIER;"çap: 50cm
uzun 45cm
6 katlı cam";14000;19600;"çap: 50cm
uzun 45cm
6 katlı cam";
PND1709;EMPIRE BAKIR  AVİZE/ CHANDELIER;"1 çap: 50cm
2  çap: 30cm
Uzunluk: 50cm
Cam: 3 katlı, 15cm";14000;19600;"çap: 50cm
uzun 45cm
6 katlı cam";
PND1709;EMPIRE  APLİK;"1) kat 35cm genişlik
18 cm derinlik
33cm yükseklik
15cm cam uznluk
2) kat 19cm genişlik
10 cm derinlik
15cm cam uzunluk
55X35 CM ";6500;9100;;
PND1709;EMPIRE  LAMBADER;"
45 cm çap
8 duy e14 
şapka yükseklik 50cm
İki kat cam uzunluk: 15cm, 
30cm
145X45 CM ";25000;35000;;
PND1709;EMPIRE COFFEE TABLE;67X52 CM ;25000;35000;;
PND1709;EMPIRE COFFEE SIDE TABLE;70X67 CM ;19000;26600;;
PND1710;HYPONIC AVİZE/CHANDELIER;;38500;53900;;
PND1711;"MAJESTIC
CHANDELIER";DIA:80 60 40 CM;27500;38500;;
PND1711;"MAJESTIC
AYNA APLİK / MIRROR WALL";DIA:70 CM ;8500;11900;;
PND1429;LUNA SARKIT/PENDANT ;35 Q;11000;15400;;
PND1429;LUNA APLİK ;25X16X15 CM ;2900;4060;;
PND1325;GLAZE TAŞ AVİZE /CHANDELIER;90X40X120 CM ;35000;49000;;
PND1340 ;LEAF YAPRAK AVİZE/CHANDELIER;80X130 CM;55000;77000;;
PND13668 ;WAWE BOZNUZ AVİZE/CHANDELIER;80X190 CM ;65000;91000;;
PND1259 ;WATERFALL ;60X30X120 ;38000;53200;;
PND1284-W   ;TRIANGE APLİK/WALL;;4200;5880;;
PND1284  ;TRIANGE AVİZE /CHANDELIER;;;;;
PND1309  ;HARMONY YUVARLAK FORM AVİZE/CHANDELIER;120X60 CM ;29000;40600;;
PND1309  ;HARMONY LİNER FORM AVİZE/CHANDELIER;120X40X 110;35000;49000;;
PND1291-A ;MODO AVİZE MASA ÜSTÜ FORM;35X90 CM ;12500;17500;;
PND1712;DONA AVİZE/CHANDELIER;"85 Q 
8+4 ";19000;26600;;
PND1234;STAMP SANS AVİZE/CHANDELIER;150 X90 CM ;95000;133000;;
PND1234;STAMP SANS AVİZE/CHANDELIER;Q: 90 ;85000;119000;;
;Close 4 L pendant/sarkıt;"METAL UZUNLUK 60 CM
ÜRÜN TOPLAM UZUNLUK:120 CM 
";580;812;230,00 TL;
;Close 6 L pendant/sarkıt;"METAL UZUNLUK 80 CM
ÜRÜN TOPLAM UZUNLUK:120 CM 
5*5  KARE PROFİL";870;1218;;
;Close 8 L pendant/sarkıt;"METAL UZUNLUK 100 CM
ÜRÜN TOPLAM UZUNLUK:100 CM 
5*5  KARE PROFİL";1750;2450;;
PND1426-W3;"PETRA APLİK 3 L
";"41 CM X 15 CM
PİRİNÇ ROZANS";2250;3150;;
PND1426-W5;"PETRA APLİK 5 L
";"75 CM X 15 CM
PİRİNÇ ROZANS";3750;5250;;
PND1426-W7;"PETRA APLİK 7 L
";"110 CM X 15 CM
PİRİNÇ ROZANS";5250;7350;;
PND1426;PETRA OVAL AVİZE /CHANDELIER;"100X
42X17 CM";32500;45500;;
PND1426;PETRA YUVARLAK AVİZE /CHANDELIER;"60 X17 CM
";27500;38500;;
PND1426;PETRA LİNER AVİZE /CHANDELIER;"85X15X80 CM
";22500;31500;;
PND1242    ;ÇAN SARKIT/PENDANT;60X120 CM ;17500;24500;;
PND1242    ;ÇAN APLİK//WALL;17X40 CM;2900;4060;;
;;;;;;
;ATLANTİS AVİZE/CHANDELİER;"L:120cm
W:40 cm
L: 90cm";75000;105000;;
;Atlantis Zincir Armatür;70 Q;7500;10500;;
PND1278;DRAGON ZİNCİR AVİZE/CHANDELIER;"L:110cm;
W: 40cm; 
H: 60cm";65000;91000;;
PND1278;DRAGON ZİNCİR AVİZE/CHANDELIER;"L:120cm 
W:40 cm 
H:60 cm ";70000;98000;;
PND1279;Pantheon Zincir Avize/Chandelier ;"L:110cm; 
W: 40cm;
 H: 60cm";190000;266000;;
PND1277;Stream   Zincir Avize/Chandelier;60 Q;22500;31500;;
PND1277-W3;"Atlantique
 Zincir Aplik/WALL";"Dia : 20 cm
 L:55 cm ";8500;11900;;
PND1277-W2;"Stream 
 Zincir Aplik/WALL";32X35X10 CM ;7500;10500;;
PND1277-W1;"Stream 
 Zincir Aplik/WALL";35X24X10 CM ;6500;9100;;
PND1277;"Stream  Zincir 
Avize/Chandelier";Q: 90 CM ;115000;161000;;
PND1277;"Stream  Zincir Liner
Avize/Chandelier";120  Q;125000;175000;;
PND1277-L;Antique  Lambader/florlamp;"H :175  cm 
Q:35 cm";45000;63000;;
PND1277-A;Alonora ;50  Q ;9500;13300;;
;Alonora Avize;50  Q;4750;6650;;
;RETRO APLİK/WALL LAMP;;2450;3430;;
PND1292-1  ;RIKA APLİK 1 L/WALL;20X8 CM ;1950;2730;;
PND1292-2;RIKA APLİK 2 L /WALL;32X30;3850;5390;;
PND1292-3  ;RIKA APLİK3 L /WALL;60X30 CM;5750;8050;;
;"Selfie Cam 15 cm Sarkıt



";DİA:15 CM;125;175;;
;"Selfie Cam 20 cm Sarkıt



";Dia : 20 cm;175;245;;
;"Selfie Cam 25 cm Sarkıt



";Dia : 25 cm;225;315;;
;"Selfie Cam 35 cm Sarkıt

Renk seçin : bakır, altın, kromSelfie Cam 30 cm Sarkıt

";Dia : 35 cm;475;665;;
;"Selfie Cam 40 cm Sarkıt
";Dia : 40 cm;590;826;;
;"Selfie Cam 50 cm Sarkıt
";Dia : 50 cm;1100;1540;;
;"Selfie2 Cam 20 cm Sarkıt

Renk seçin : bakır, altın, kromSelfie2 Cam 20 cm Sarkıt

";Çap 20 cm;200;280;;
;"Selfie2 Cam 30 cm Sarkıt

Renk seçin : bakır, altın, kromSelfie2 Cam 30 cm Sarkıt

";Çap 30 cm;340;476;;
;"Selfie2 Cam 40 cm Sarkıt

Renk seçin : bakır, altın, kromSelfie2 Cam 40 cm Sarkıt

";Çap 40 cm;515;721;;
PND1428 -W;BRUBECK APLİK/WALL;22X50X9 CM ;2250;3500;;
PND1428 ;BRUBECK SARKIT/PENDANT;20X30CM ;4800;6720;;
PND1228-A    ;SPIDER 5 L SARKIT/PENDANT               ;40 Q;8750;12250;;
PND1228-15L;SPIDER 15 L SARKIT/PENDANT               ;45 Q;26250;36750;;
PND1363-W;IKE APLİK/WALL;29X6 CM ;690;950;;
PND1363;IKE 1 L SARKIT/PENDANT;30X6 CM ;790;1100;;
PND1363 ;IKE SARKIT/PENDANT;40cmx80cm;11450;16030;;
PND1363 ;IKE LAMBADER/FLOOR LAMP;175X30 CM;8900;12460;;
PND1318  ;BOMP ABAJUR/TABLE ;28X47 CM ;12000;16800;;
PND1318  ;BOMP LAMBADER/FLOOR LAMP;48X140 CM ;19000;26600;;
PND1362;FANEUROPE LAMBADER/FLOOR LAMP;160X33X20;6500;9100;;
PND1308-W  ;LOL APLİK/WALL;25X22X20 CM ;1475;2065;;
PND1308--1;LOL SARKIT/PENDANT;20X30X30 CM ;1875;2625;;
PND1308--2;LOL SARKIT/PENDANT;30X35X35 CM ;2375;3325;;
PND1309-1;LOL MASA LAMBASI 1 /TABLE;28X25X30 CM ;2800;3920;;
PND1309-2;LOL MASA LAMBASI 2 /TABLE;17,5X25X17,5X38 CM;2650;3710;;
PND1309-3;LOL MASA LAMBASI 3 /TABLE;53X32X45X20 CM ;2900;4060;;
PND1349-W     ;TWIN  APLİK/WALL ;47X24X53 CM;12500;17500;;
PND1595-T;TWIN ABAJUR/TABLE;28X45X85 CM;14500;20300;;
PND1595;TWIN DRESUAR;120X45X80 CM;40000;55000;;
PND1595;TWIN MASA;130 Q;60000;84000;;
PND1595;TWIN ORTA SEHPA ;80X80X55 CM;23000;32500;;
PND1595;TWIN YAN SEHPA;;21000;30000;;
PND1619-L;VINGIL LAMBADER/FLOOR;165X40X20 CM ;5500;7700;;
;Chris Octopus 8L Sarkıt;Ürünün istenilen ölçülerde üretilebilmektedir ve istenilen renk kumaş kablodan yapılabilmektedir.;1100;1540;;
;Chris Octopus 6L Sarkıt;Ürünün istenilen ölçülerde üretilebilmektedir ve ince halat kablodan üretilmiştir;825;1155;;
;MONOLIZA APLK/WALL;;150;210;;
;PO 2 L APLİK/WALL;;370;518;;
;PO APLİK/WALL;;185;259;;
;TRE WALL/APLİK;;3100;4340;;
"
PND1660";VEKTOR APLİK/WALL;37X18X15 CM;2800;3920;;
 PND1230                         ;CADRE GLASS ARMATÜR/CEILING;160X105X70 CM ;14500;20300;;
PND1230-W;CADRE  GLASS APLİK/WALL;95X25X15 CM;1875;2625;;
PND1230-W;CADRE  GLASS APLİK/WALL;70X25 CM;875;1225;;
PND1230-F;CADRE GLASS LAMBADER/FLOOR;"
25X55 X165 CM";6900;9660;;
;ARIA AVİZE/CHANDELİER                      ;50  Q;1550;2170;;
;ARIA  AVİZE/CHANDELIER                      ;80 Q;2250;3150;;
;ARIA  OVAL AVİZE/CHANDELIER                      ;"95 Q
45 CM ";3450;4830;;
;;;;;;
PND1291;ROX ARMATÜR;Q:15 ;2700;3780;;
PND1291 -W;ROX  1 L APLİK/WALL;12X20 CM ;4000;5600;;
PND1291 -W2;ROX  1 L APLİK/WALL;50X12 CM ;4500;6300;;
PND1291 -W3;ROX  2 L APLİK/WALL;65X12 CM ;6250;8750;;
PND1291 -W4;ROX  4 L APLİK/WALL;65 X20 CM ;12500;17500;;
PND1291 -W5;ROX  2 L APLİK/WALL;30X22X15 CM ;6500;9100;;
PND1291 ;ROX ARMATÜR 3 L;12X4O CM ;8100;11340;;
PND1291 ;ROX ARMATÜR 5 L;12X7O CM ;13500;18900;;
PND1291 ;ROX ARMATÜR;Q: 40;29000;40600;;
PND1291 ;ROX AVİZE /CHANDELIER;Q:75 CM;30000;42000;1.740,00 TL;
PND1291-1;ROX AVİZE /CHANDELIER;Q: 95 CM;32500;45500;2.050,00 TL;
PND1291-2;ROX AVİZE /CHANDELIER;Q: 80 CM;70000;98000;;
PND1333   ;LORIS SARKIT 20 L SARKIT/PENDANT;"Q: 60 CM
38X6X120 CM ";37500;52500;;
PND1333   ;LORIS SARKIT TEKLİ /PENDANT;"10 Q
38X6X100 CM ";2200;3080;;
PND1417   ;INFINTY AVİZE/CHANDELIER;55X77,5 CM;22500;31500;;
PND1417   ;INFINTY 2 L  AVİZE/CHANDELIER;67X90 CM ;38500;53900;;
PND1319-W1;BALLET APLİK 1L /WALL;15 X 20 CM ;1900;2660;;
PND1319-W2;BALLET APLİK 2L /WALL;40X 20 CM ;3800;5320;;
PND1319-W3;BALLET APLİK 3 L /WALL;50X20 CM;5500;7700;;
PND1319;BALLET ABAJUR/TABLE LAMP;60X30 ;4500;6300;;
PND1319-1 ;BALLET TEK KATLI  AVİZE/CHANDELIER ;50 Q;14500;20300;;
PND1319;BALLET LİNER AVİZE/CHANDELIER ;130X60 CM ;16000;22400;;
PND1319-B ;BALLET 2 KATLI  AVİZE/CHANDELIER ;95X100 CM ;37500;52500;;
PND1319-B2;BALLET  3 KATLI  AVİZE/CHANDELIER ;100X105;46500;65100;;
PND1328 ;LOTUS 1 L  SARKIT/PENDANT;30X18X100 CM ;3750;5250;;
PND1340-W;AOSONG APLİK/WALL;90X23X10 CM ;6000;8400;;
PND1340-W;AOSONG SARKIT/PENDANT;;6000;8400;;
PND1315;SMOKE SARKIT/PENDANT;40X13 CM;2200;3080;;
PND1668   ;LUCAS SARKIT/PENDANT;Ø:35CM H:90CM;5375;7525;2.150,00 TL;
PND1401;THOR 10 L SARKIT/PENDANT ;45 Q;8900;12460;;
PND1324-A;RETRO SARKIT/PENDANT;D30*H36;6800;9520;2.250,00 TL;
PND1324-B;RETRO SARKIT/PENDANT;D30*H32;6800;9520;;
PND1225               ;ROKKIE  TEKLİ SARKIT/PENDANT;22 Q;650;910;;
PND1225               ;ROKKIE  TEKLİ SARKIT/PENDANT;45X20 CM ;700;980;;
PND1225               ;ROKKIE  TEKLİ SARKIT/PENDANT;30X20 CM;800;1120;;
PND1225               ;ROKKIE  TEKLİ SARKIT/PENDANT;70X 25 CM;900;1260;;
PND1323     ;NEWTON TEKLİ SARKIT/PENDANT;120X35X15 CM ;1875;2625;;
PND1317;HOOP TEKLİ SARKIT/PENDANT;25X45X10 CM;1875;2625;;
PND1317;HOOP APLİK/ WALL;22X45X10 CM;2200;3080;;
PND1331 ;ATOM SARKIT/PENDANT;75X65 CM ;8500;11900;;
;"ALICE
 APLİK /WALL LAMP";;4750;6650;;
PND1319-T;BANKER MASA LAMBASI ;26 X 37 CM ;3800;5320;;
PND1265;HUDSON AVİZE;90X100 CM;78500;109900;;
PND1265;HUDSON AVİZE;180X100 CM;98000;137200;;
PND1265;HUDSON AVİZE;198X81 CM ;98000;137200;;
;;;;;;
;;;;;;
PND1681;RAIN DROP SARKIT/PENDANT;150X50;48000;67200;;
PND1681;RAIN DROP SARKIT/PENDANT;40 Q;4800;6750;;
PND1423;DEVEKUŞU AVİZE /CHANDEIER;70 Q;27500;38500;;
PND1423-T ;DEVEKUŞU ABAJUR/TABLE;60 X 60 CM;10000;14000;;
PND1423-F;DEVEKUŞU LAMBADER/FLOOR;170X100 CM;25000;40000;;
PND1321;"ARTHUR  LAMBADER
BÜYÜK ";"YÜKSEKLİK 190 CM  
AYARLANABİLİR.
GENİŞLİK 150 CM ";9500;13000;6.500,00 TL;
PND1321;"ARTHUR  LAMBADER
KÜÇÜK ";"YÜKSEKLİK 155 CM  
AYARLANABİLİR.
GENİŞLİK 70 CM ";8900;12000;6.500,00 TL;
PND1734;EMEL MASA LAMBASI ;30 Q;5200;7280;2.600,00 TL;
PND1735;NOSSA ABAJUR /TABLE ;56X15 CM ;3250;4550;;
PND1736-W;MODOS APLİK;45X15 CM;2400;3360;;
PND1736-T;MODOS MASA LAMBASI;65X18 CM;2900;4060;;
PND1736-L;MODOS LAMBADER;15 X160 CM;11500;16100;;
PND1331-W;QRATUS APLİK/WALL;30X43 CM ;3800;5320;;
PND1331-T;QRATUS ABAJUR/TABLE;30X55 CM ;4700;6580;;
PND1331-T;QRATUS ABAJUR/TABLE;65X35 CM;5800;8120;;
PND1734-T;;65X45 CM;2900;4060;;
PND1734-L;;55X165 CM;6900;9660;;
PND1733;ABE APLİK;20x31x46cm;6500;9100;;
PND1733;ABE ABAJUR;65X45 CM;3700;5180;;
PND1733;ABE LAMBADER;55X165 CM;7800;10920;;
PND1285-W  ;TRAYON APLİK/WALL;25X16 CM;4200;5880;;
PND1285-T;TRAYON ABAJUR/TABLE;45X2CM;5800;8120;;
PND1312-W;PLACASA APLİK/WALL;30 X 68 CM;5500;7700;;
PND1355-W   ;XINHX APLİK /WALL;70X10 CM ;5500;7700;;
PND1355-W2   ;XINHX APLİK /WALL;15X7,5X30 CM ;4900;6860;;
PND1355;XINHX SARKIT ;25X18 CM ;6500;9100;;
PND1355;XINHX SARKIT ;30X15 CM ;6900;9660;;
PND1355;XINHX ARMATÜR;50 Q;18000;25200;;
PND1355;XINHX SARKIT ;100X25 CM ;35000;49000;;
PND1355;XINHX ABAJUR ;30X65 CM;9000;12600;;
PND1355;XINHX LAMBADER;40X30X165 CM ;12500;17500;;
PND1433  -W;ANUOMY APLİK/WALL;33X18X5 CM ;1875;2625;;
;RİXOS APLİK/WALL;55X10X30;2900;4060;;
PND1617;GLASS APLİK/WALL;34X14X13;1800;2520;;
PND1299-III  ;ENIGMA SARKIT/PENDANT ;50X19X25 CM ;7800;10920;;
PND1262 ;PLOVITI SARKIT/PENDANT ;Dia:60 cm;6900;9660;;
PND1262 ;PLOVITI SARKIT/PENDANT ;Dia 90cm;11500;16100;;
PND1680;TREY ŞARJLI MASA LAMBASI ;"10 CM ÜST ÇAP
7 CM ALT ÇAP
YÜKSEKLİK 35 CM ";1600;2240;800,00 TL;
"
PND1700";LUX LAMBADER/FLOOR LAMP ;200X200X45 CM ;12000;16800;4.725,00 TL;
PND1732;TÜY ABAJUR ;40X55 CM ;3800;5320;1.900,00 TL;
PND1732;TÜY LAMBADER ;50X165 CM ;6600;9240;3.300,00 TL;
PND1391- T                     ;ŞARJLI MASA LAMBASI/TABLE LAMP;12X28X11 X-CM;2400;3360;;
PND1392-T       ;ŞARJLI MASA LAMBASI/TABLE LAMP;15X25 CM;2400;3360;;
 PND1389-T                   ;ŞARJLI MASA LAMBASI/TABLE LAMP;9X28 CM;2400;3360;;
PND1400;ŞARJLI MASA LAMBASI/TABLE LAMP;38X10 CM ;2400;3360;;
FS-468;TRAVERTER SUTUN ;60X30 X30 CM;8980;13000;4490;
FS-467;TRAVERTER SUTUN ;80X30 X30 CM;9900;14000;4950;
FS-469;TRAVERTER SUTUN ;100X30 X30 CM ;11200;16000;5600;
FS-451 SMALL;EVZA TRAVERTEN;48,5X40 CM ;3780;5500;1890;
FS-451 MEDIUM;EVZA TRAVERTEN;56X40 CM ;3980;6000;1990;
FS-451 LARGE;EVZA TRAVERTEN;66X40 CM ;4180;6500;2090;
FS-435;EVZA TRAVERTEN SEHPA ;40*40*50 CM;4900;7000;2450;
FS-434;EVZA TRAVERTEN SEHPA ; 40*40*60 CM;5900;8500;2950;
